S. No.,Month,Stage,Continent,HQ,Type of RE 1,Type of RE 2,Type of RE 3,Type of RE 4,Business Model 1,Business Model 2,Business Model 3,Business Model 4,PropTech Vertical 1,PropTech Vertical 2,PropTech Vertical 3,PropTech Vertical 4
1,January,Seed,Europe,UK,Residential,,,,,,,,Hybrid Letting Platform,,,
2,January,Seed,Europe,UK,Residential,Commercial,,,,,,,PropFinTech,,,
3,January,Seed,Europe,UK,Residential,,,,,,,,LegalTech,,,
4,January,Series A,Europe,Germany,Commercial,,,,,,,,ConTech,,,
5,January,Seed,Europe,UK,Commercial,Residential,,,,,,,ClimateTech,Smart Building,,
6,January,Series A,Europe,Belgium,Residential,Commercial,,,,,,,Smart Building,ClimateTech,,
7,January,Series B,North America,US,Residential,,,,,,,,PropFinTech,,,
8,January,Series A,North America,Canada,Commercial,,,,,,,,PropFinTech,,,
9,February,Series B,Europe,Germany,Residential,,,,,,,,Property Management,,,
10,February,Series B,North America,US,Commercial,,,,,,,,Property Management,ClimateTech,Smart Building,
11,February,Series A,Europe,Switzerland,Residential,,,,,,,,Smart Building,,,
12,February,Seed,Europe,UK,Residential,,,,,,,,Property Management,,,
13,February,Seed,North America,Canada,Hotel,Residential,,,,,,,HospitalityTech,,,
14,February,Series A,Europe,France,Residential,,,,,,,,Property Management,,,
15,February,Series A,Europe,UK,Residential,,,,Marketplace,,,,ConTech,,,
16,February,Seed,Europe,UK,Infrastructure,,,,eCommerce Platform,,,,ConTech,,,
17,February,Series A,North America,US,Commercial,Residential,,,,,,,Smart Building,,,
18,February,Seed,North America,US,Residential,,,,,,,,Co-Living,,,
19,February,Seed,North America,US,Residential,,,,,,,,PropFinTech,,,
20,February,Series A,Europe,UK,Commercial,Residential,,,,,,,ConTech,,,
21,February,Seed,Europe,UK,Commercial,,,,,,,,PropFinTech,,,
22,February,Seed,Europe,UK,Residential,,,,eCommerce Platform,,,,PropFinTech,Property Management,,
23,February,Seed,Middle East,Israel,Hotel,,,,SaaS,,,,HospitalityTech,,,
24,February,Growth,North America,US,Infrastructure,,,,,,,,ClimateTech,,,
25,February,Series A,North America,US,Residential,,,,,,,,PropFinTech,LegalTech,,
26,February,Seed,North America,Canada,Residential,,,,,,,,PropFinTech,,,
27,February,Growth,Europe,UK,Commercial,Hotel,,,,,,,HospitalityTech,,,
28,February,Seed,Europe,UK,Residential,,,,,,,,ClimateTech,,,
29,February,Seed,Middle East,Turkey,Commercial,,,,,,,,PropFinTech,,,
30,February,Series A,Europe,France,Residential,,,,B2B2C,,,,PropFinTech,LegalTech,,
31,February,Series A,Europe,Finland,Residential,Commercial,,,,,,,ConTech,,,
32,February,Series A,Europe,UK,Commercial,,,,,,,,Smart Building,,,
33,February,Seed,Europe,Netherlands,Residential,,,,,,,,Smart Building,ClimateTech,,
34,February,Seed,Europe,UK,Residential,,,,,,,,Property Management,,,
35,February,Seed,Europe,France,Residential,Commercial,,,SaaS,,,,Smart Building,,,
36,February,Seed,Europe,Germany,Residential,,,,,,,,Co-Living,,,
37,February,Seed,Middle East,Cyprus,Residential,,,,SaaS,,,,Hybrid Letting Platform,,,
38,February,Series B,Europe,Germany,Residential,,,,eCommerce Platform,,,,Property Management,,,
39,February,Seed,APAC,Hong Kong,Residential,,,,,,,,FinTech,,,
40,February,Series A,Europe,UK,Commercial,,,,B2B,Marketplace,,,Co-Working,,,
41,February,Seed,Europe,UK,Residential,,,,,,,,PropFinTech,,,
42,February,Seed,Europe,France,Commercial,,,,,,,,Smart Building,,,
43,February,Seed,Europe,Spain,Residential,,,,,,,,Hybrid Letting Platform,,,
44,February,Growth,Europe,Finland,Residential,,,,,,,,Property Sales,,,
45,February,Seed,Europe,UK,Residential,,,,B2B2C,,,,ConTech,Property Sales,PropFinTech,
46,February,Series B,Europe,France,Residential,,,,eCommerce Platform,,,,Co-Living,,,
47,February,Series A,North America,US,Residential,Commercial,Hotel,,,,,,Smart City,,,
48,February,Seed,Europe,Germany,Residential,,,,,,,,ClimateTech,Smart Building,,
49,February,Growth,Africa,Ghana,Commercial,,,,,,,,PropFinTech,,,
50,February,Seed,Europe,UK,Residential,,,,,,,,PropFinTech,LegalTech,,
51,February,Seed,North America,US,Residential,,,,,,,,ConTech,Pre-Fab,,
52,February,Seed,Europe,UK,Residential,,,,,,,,Hybrid Letting Platform,Property Sales,,
53,February,Seed,Europe,UK,Residential,,,,B2B2C,,,,Property Sales,,,
54,February,Series A,Europe,Finland,Commercial,,,,,,,,Smart Building,ClimateTech,,
55,February,Seed,North America,Canada,Residential,,,,,,,,Co-Living,,,
56,February,Seed,Europe,Germany,Residential,Commercial,,,,,,,PropFinTech,,,
57,February,Series A,Middle East,Israel,Residential,,,,,,,,SecurityTech,,,
58,February,Seed,Europe,UK,Commercial,,,,,,,,LegalTech,,,
59,February,Seed,Europe,UK,Residential,Commercial,,,,,,,PropFinTech,,,
60,February,Series A,North America,US,Commercial,,,,,,,,Smart Building,ClimateTech,,
61,February,TBD,North America,US,Commercial,,,,,,,,Smart Building,,,
62,February,Seed,Middle East,Israel,Commercial,,,,,,,,Smart City,,,
63,February,Series B,Middle East,Israel,Commercial,,,,,,,,Smart Building,,,
64,February,Series A,Middle East,Turkey,Residential,Commercial,,,,,,,Hybrid Letting Platform,,,
65,February,Seed,Europe,Spain,Residential,,,,,,,,Property Sales,,,
66,February,Seed,Europe,UK,Residential,,,,,,,,LegalTech,,,
67,February,Seed,Europe,UK,Residential,,,,eCommerce Platform,,,,PropFinTech,,,
68,February,Series A,Europe,France,Commercial,Residential,Infrastructure,,,,,,Smart Building,,,
69,February,Seed,Middle East,Israel,Commercial,Residential,,,,,,,PropFinTech,,,
70,February,Seed,Europe,UK,Residential,Commercial,,,,,,,Smart Building,,,
71,February,Seed,Europe,Portugal,Residential,,,,,,,,PropFinTech,,,
72,February,Series A,APAC,Malaysia,Residential,,,,,,,,Property Management,,,
73,February,Seed,North America,US,Residential,,,,eCommerce Platform,,,,Co-Living,,,
74,February,Seed,North America,US,Residential,,,,,,,,Hybrid Letting Platform,,,
75,February,Series A,Europe,France,Residential,Commercial,,,,,,,Property Sales,,,
76,February,Series B,Europe,Germany,Commercial,,,,eCommerce Platform,,,,PropFinTech,,,
77,February,Seed,Europe,UK,Residential,,,,SaaS,,,,Smart Viewing,,,
78,February,Seed,Europe,UK,Commercial,,,,,,,,Hybrid Letting Platform,Property Sales,,
79,February,Seed,Europe,Belgium,Commercial,,,,,,,,Co-Living,,,
80,February,Series B,Europe,Germany,Residential,,,,Marketplace,,,,Hybrid Letting Platform,,,
81,March,Series A,North America,US,Residential,Commercial,,,,,,,Pre-Fab,,,
82,March,Growth,Europe,Switzerland,Residential,,,,,,,,Smart Building,,,
83,March,Seed,North America,US,Infrastructure,,,,B2B,SaaS,,,ConTech,,,
84,March,Series A,Europe,Switzerland,Commercial,Residential,,,,,,,SecurityTech,,,
85,March,Series A,Middle East,Saudi Arabia,Residential,,,,,,,,ConTech,Property Management,,
86,March,Series A,North America,US,Commercial,,,,,,,,ConTech,,,
87,March,Series A,Europe,Germany,Hotel,,,,,,,,HospitalityTech,,,
88,March,Seed,Europe,UK,Residential,,,,DaaS,B2B,B2C,,Property Management,,,
89,March,Seed,Europe,UK,Commercial,,,,,,,,LegalTech,AR/VR,,
90,March,Seed,Europe,Denmark,Commercial,,,,B2B,SaaS,,,Smart Building,ClimateTech,,
91,March,Seed,Europe,Denmark,Residential,Commercial,,,,,,,PropFinTech,,,
92,March,Series A,Europe,Norway,Residential,,,,,,,,Property Management,,,
93,March,Seed,Europe,Germany,Residential,Commercial,,,,,,,Smart Building,,,
94,March,Seed,Europe,UK,Residential,Commercial,,,eCommerce Platform,B2B2C,,,ConTech,,,
95,March,Series B,Europe,France,Residential,,,,,,,,ConTech,,,
96,March,Growth,North America,US,Residential,,,,,,,,Property Management,Smart Building,,
97,March,Series A,Europe,UK,Residential,,,,B2B2C,,,,Property Management,,,
98,March,Seed,Europe,Germany,Commercial,Residential,,,eCommerce Platform,,,,Property Sales,,,
99,March,Series A,Middle East,Israel,Commercial,,,,B2B,,,,ConTech,,,
100,March,Seed,North America,US,Residential,,,,,,,,Smart Building,Pre-Fab,,
101,March,Growth,North America,US,Residential,,,,B2B2C,,,,PropFinTech,,,
102,March,Growth,Middle East,Israel,Commercial,,,,,,,,Smart Building,IoT,Smart City,
103,March,Seed,Europe,UK,Residential,,,,,,,,LegalTech,,,
104,March,Seed,APAC,Singapore,Residential,,,,Marketplace,SaaS,,,Property Sales,,,
105,March,Seed,Europe,Germany,Residential,,,,,,,,PropFinTech,,,
106,March,Seed,Europe,UK,Residential,,,,SaaS,,,,Property Management,PropFinTech,,
107,March,Series A,Europe,Finland,Residential,,,,,,,,Smart Building,ClimateTech,,
108,March,Series B,Europe,Spain,Residential,,,,,,,,HospitalityTech,,,
109,March,Seed,Europe,UK,Residential,,,,,,,,PropFinTech,,,
110,March,Series A,Europe,France,Residential,,,,eCommerce Platform,B2B2C,,,ConTech,,,
111,March,Seed,Europe,Estonia,Commercial,,,,eCommerce Platform,,,,PropFinTech,,,
112,March,Series B,Europe,Netherlands,Commercial,,,,,,,,Tenant Engagement,Co-Working,,
113,March,Seed,Europe,Ireland,Residential,,,,,,,,PropFinTech,,,
114,March,Seed,Europe,Belgium,Residential,,,,B2B,SaaS,Marketplace,,AR/VR,,,
115,March,TBD,Europe,UK,Residential,Commercial,,,,,,,Property Management,PropFinTech,,
116,March,Series A,Oceania,New Zealand,Residential,,,,,,,,Property Management,,,
117,March,Seed,Europe,UK,Residential,,,,,,,,PropFinTech,,,
118,March,Series A,Europe,UK,Commercial,,,,,,,,FinTech,,,
119,March,Seed,Europe,UK,Residential,,,,,,,,Hybrid Letting Platform,,,
120,March,Seed,Europe,UK,Residential,Commercial,,,eCommerce Platform,B2C,,,PropFinTech,,,
121,March,Seed,North America,US,Residential,,,,eCommerce Platform,,,,Hybrid Letting Platform,,,
122,March,Seed,Europe,UK,Residential,,,,,,,,ConTech,,,
123,March,Seed,Middle East,Israel,Commercial,,,,,,,,ConTech,,,
124,March,Seed,Europe,UK,Commercial,,,,eCommerce Platform,,,,Property Sales,,,
125,March,Seed,North America,US,Residential,Commercial,,,SaaS,,,,Property Sales,,,
126,March,Seed,Europe,Ukraine,Commercial,,,,,,,,Co-Living,Smart Building,,
127,March,Series B,Europe,France,Residential,Commercial,Hotel,,,,,,Smart Building,Property Management,,
128,March,Growth,Middle East,Israel,Residential,,,,,,,,IoT,Smart Home,,
129,March,Series A,North America,US,Residential,,,,,,,,PropFinTech,,,
130,April,TBD,Middle East,Israel,Commercial,Hotel,Infrastructure,Logistic,,,,,Smart Building,,,
131,April,Seed,Middle East,Israel,Residential,Commercial,,,,,,,ConTech,IoT,,
132,April,Seed,North America,US,Commercial,,,,eCommerce Platform,,,,ClimateTech,IoT,,
133,April,Series A,Europe,UK,Residential,Commercial,,,,,,,Property Management,Smart Building,ClimateTech,
134,April,Seed,Europe,Spain,Residential,,,,,,,,Co-Living,Smart Home,,
135,April,TBD,Europe,Netherlands,Commercial,,,,SaaS,,,,FinTech,,,
136,April,Seed,North America,US,Residential,,,,Marketplace,,,,Property Sales,PropFinTech,,
137,April,Seed,North America,US,Commercial,,,,Marketplace,,,,ConTech,,,
138,April,Series A,North America,US,Residential,,,,,,,,ClimateTech,ConTech,Smart Home,IoT
139,April,Seed,Europe,Germany,Commercial,,,,Marketplace,,,,ConTech,,,
140,April,Seed,Europe,France,Residential,Hotel,Commercial,,,,,,ClimateTech,,,
141,April,Series A,Europe,Sweden,Commercial,,,,B2B,SaaS,,,Smart Building,ClimateTech,,
142,April,Series A,North America,US,Residential,,,,Marketplace,,,,Property Management,,,
143,April,Series A,Europe,UK,Residential,,,,Marketplace,,,,PropFinTech,,,
144,April,TBD,Europe,Germany,Commercial,,,,SaaS,,,,Analytics,,,
145,April,Growth,Europe,UK,Residential,,,,SaaS,B2B,,,PropFinTech,,,
146,April,Seed,Europe,Netherlands,Commercial,Hotel,Residential,,B2B,,,,AR/VR,,,
147,April,Series A,Europe,France,Residential,,,,,,,,Smart Home,Tenant Engagement,IoT,
148,April,Seed,Europe,UK,Residential,,,,,,,,ClimateTech,Smart Home,,
149,April,Seed,Europe,UK,Residential,,,,B2B2C,,,,Tenant Engagement,Smart Home,,
150,April,Seed,Europe,Germany,Residential,,,,Marketplace,,,,Property Management,Tenant Engagement,,
151,April,Series A,North America,US,Residential,Commercial,,,,,,,Smart Home,ClimateTech,IoT,
152,April,Seed,Europe,UK,Commercial,Residential,,,B2B,SaaS,,,Property Management,,,
153,May,Seed,Europe,Belgium,Residential,,,,,,,,PropFinTech,LegalTech,,
154,May,Seed,Europe,Ireland,Residential,,,,,,,,PropFinTech,Tenant Engagement,,
155,May,Seed,North America,US,Infrastructure,,,,B2B,,,,IoT,,,
156,May,Seed,Europe,UK,Logistic,,,,Marketplace,,,,AR/VR,Smart City,,
157,May,TBD,North America,US,Commercial,Hotel,Logistic,,B2B,,,,IoT,Smart Building,ClimateTech,
158,May,Seed,Europe,Germany,Commercial,Residential,,,,,,,Smart City,Smart Building,IoT,Electric Vehicles
159,May,Seed,North America,US,Logistic,,,,B2B,eCommerce Platform,,,Property Management,,,
160,May,Series A,Europe,Germany,Residential,,,,,,,,Property Sales,,,
161,May,Seed,Europe,Sweden,Residential,,,,Marketplace,,,,PropFinTech,,,
162,May,Seed,Middle East,Israel,Commercial,Residential,,,SaaS,,,,PropFinTech,,,
163,May,Series A,Europe,Spain,Commercial,Residential,,,SaaS,,,,AR/VR,,,
164,May,Series A,Europe,Norway,Commercial,Residential,,,SaaS,,,,ConTech,,,
165,May,Seed,Europe,UK,Residential,,,,,,,,PropFinTech,,,
166,May,TBD,North America,US,Land,,,,B2B,,,,Property Development,,,
167,May,Series B,Europe,Denmark,Commercial,Land,Infrastructure,,,,,,Smart Building,HealthTech,,
168,May,Series A,North America,US,Commercial,Hotel,,,B2B,SaaS,,,HospitalityTech,Smart Building,,
169,May,Seed,Europe,Germany,Commercial,Residential,,,SaaS,,,,ConTech,,,
170,May,Seed,Africa,Nigeria,Commercial,Residential,,,Marketplace,,,,PropFinTech,,,
171,May,Seed,Europe,UK,Residential,,,,SaaS,,,,Tenant Engagement,Property Management,,
172,May,Seed,Middle East,Israel,Land,,,,B2B,,,,PropFinTech,,,
173,May,Series A,North America,US,Commercial,Residential,,,,,,,ClimateTech,,,
174,May,TBD,Europe,UK,Residential,,,,Marketplace,,,,Property Management,,,
175,May,Series A,Europe,Germany,Residential,Commercial,Infrastructure,,SaaS,,,,ConTech,,,
176,May,Series A,Middle East,UAE,Commercial,,,,,,,,IoT,Property Management,Smart Building,Tenant Engagement
177,May,Seed,Europe,Lithuania,Residential,,,,Marketplace,,,,PropFinTech,Property Sales,,
178,June,Seed,North America,Canada,Residential,,,,B2B2C,SaaS,,,ConTech,,,
179,June,Seed,Europe,France,Residential,,,,,,,,PropFinTech,,,
180,June,TBD,North America,US,Residential,Commercial,,,B2B,,,,PropFinTech,,,
181,June,Seed,Europe,France,Residential,,,,B2B,SaaS,,,Property Sales,,,
182,June,Seed,Europe,Belgium,Residential,,,,B2B,,,,ConTech,Pre-Fab,,
183,June,Series A,Europe,Germany,Commercial,,,,eCommerce Platform,SaaS,,,AR/VR,,,
184,June,Series A,North America,US,Commercial,Logistic,,,B2B,,,,Smart City,,,
185,June,Seed,Europe,UK,Residential,,,,B2B,Marketplace,,,Property Management,,,
186,June,Series B,APAC,Singapore,Residential,Commercial,,,,,,,IoT,Smart Building,Property Management,
187,June,Series B,Europe,UK,Residential,Hotel,,,,,,,Property Management,HospitalityTech,,
188,June,TBD,Europe,UK,Commercial,,,,B2B,,,,Property Management,Tenant Engagement,Co-Working,
189,June,Series A,Europe,Switzerland,Residential,,,,Marketplace,,,,Property Management,,,
190,June,Seed,Europe,Netherlands,Residential,Commercial,,,,,,,Co-Working,Co-Living,,
191,June,Seed,Middle East,Cyprus,Residential,,,,eCommerce Platform,,,,HospitalityTech,,,
192,June,Series A,Europe,UK,Residential,,,,,,,,ClimateTech,Smart Home,,
193,June,Series A,Europe,UK,Residential,,,,,,,,Smart Home,CleanTech,,
194,June,Seed,Europe,UK,Commercial,,,,SaaS,B2B,,,Property Management,,,
195,June,Seed,Middle East,Israel,Residential,,,,Marketplace,,,,Hybrid Letting Platform,,,
196,June,Seed,Europe,Italy,Residential,,,,,,,,Property Management,PropFinTech,,
197,June,Series A,North America,US,Residential,,,,Marketplace,,,,Property Management,,,
198,June,Growth,North America,US,Residential,,,,Marketplace,,,,Property Sales,,,
199,June,Series A,Europe,France,Residential,,,,B2B,B2C,B2B2C,Marketplace,ConTech,,,
200,June,Seed,Europe,UK,Infrastructure,,,,SaaS,,,,ConTech,,,
201,June,Seed,North America,US,Residential,Hotel,,,Marketplace,,,,Hybrid Letting Platform,,,
202,June,Seed,Europe,Switzerland,Commercial,,,,B2B,,,,PropFinTech,,,
203,June,Seed,Europe,UK,Commercial,,,,,,,,Smart City,Smart Building,SecurityTech,
204,June,Seed,North America,US,Residential,Commercial,,,SaaS,,,,Property Management,,,
205,July,Seed,North America,US,Commercial,Residential,,,,,,,Property Management,Property Sales,,
206,July,Seed,Europe,Germany,Commercial,,,,B2B,,,,ConTech,Smart City,,
207,July,TBD,North America,US,Residential,Hotel,Commercial,,B2B2C,B2C,,,HospitalityTech,Smart Home,,
208,July,Series A,North America,US,Residential,Commercial,,,B2B,SaaS,,,Property Sales,,,
209,July,Seed,Europe,Slovakia,Residential,,,,SaaS,,,,Property Management,Property Sales,Smart City,
210,July,Series A,North America,US,Commercial,,,,Marketplace,,,,Co-Working,,,
211,July,Seed,APAC,Singapore,Logistic,,,,,,,,ClimateTech,CleanTech,,
212,July,Seed,Europe,UK,Residential,Commercial,,,,,,,ClimateTech,ConTech,Pre-Fab,
213,July,Seed,Europe,Portugal,Residential,,,,Marketplace,,,,Hybrid Letting Platform,,,
214,July,Series A,Europe,UK,Residential,,,,B2B,DaaS,,,LegalTech,,,
215,July,Seed,Europe,Estonia,Commercial,,,,SaaS,,,,Property Management,,,
216,July,Seed,Europe,UK,Commercial,Residential,,,Marketplace,,,,Property Management,Property Sales,,
217,July,Series A,Europe,UK,Residential,,,,SaaS,,,,Property Management,IoT,,
218,July,Seed,Europe,UK,Commercial,,,,Marketplace,SaaS,,,PropFinTech,,,
219,July,Seed,Oceania,Australia,Residential,,,,B2B2C,Marketplace,,,Property Sales,,,
220,July,Seed,APAC,India,Commercial,,,,B2B,,,,CleanTech,,,
221,July,Seed,Europe,UK,Residential,,,,B2B,,,,Property Management,,,
222,July,Seed,Europe,France,Residential,Commercial,,,,,,,Smart Building,ConTech,,
223,July,Series A,Europe,UK,Residential,,,,B2B,SaaS,,,PropFinTech,,,
224,July,Series A,Europe,UK,Commercial,,,,,,,,FinTech,,,
225,July,Seed,Europe,UK,Residential,,,,B2B2C,,,,Property Sales,,,
226,July,Seed,North America,US,Hotel,,,,B2C,Marketplace,,,HospitalityTech,,,
227,August,Seed,Europe,Belgium,Residential,Commercial,,,B2B,Marketplace,,,Property Management,,,
228,August,Series A,North America,Canada,Commercial,,,,DaaS,eCommerce Platform,,,Smart Building,,,
229,August,Series B,North America,Canada,Infrastructure,Logistic,,,,,,,IoT,,,
230,August,Seed,Europe,Switzerland,Commercial,,,,,,,,Smart Building,,,
231,August,Seed,North America,US,Residential,,,,SaaS,,,,Property Management,,,
232,August,TBD,North America,Canada,Commercial,,,,B2B,,,,CleanTech,Smart Building,,
233,August,Series A,Oceania,Australia,Logistic,,,,,,,,Pre-Fab,,,
234,August,Series A,Middle East,Israel,Infrastructure,,,,SaaS,,,,Smart City,ClimateTech,FinTech,
235,August,Seed,Europe,UK,Commercial,Residential,,,SaaS,B2B,,,FinTech,,,
236,August,Seed,North America,US,Commercial,,,,B2B,,,,Recruitment Tech,,,
237,August,Seed,Europe,UK,Residential,Commercial,,,Marketplace,B2C,,,Property Management,,,
238,August,Series A,North America,US,Residential,Commercial,,,SaaS,B2B,,,CleanTech,InsurTech,,
239,August,Seed,Europe,Germany,Residential,,,,B2B,SaaS,,,Property Management,,,
240,August,Seed,Europe,Finland,Commercial,Residential,,,B2B,SaaS,,,ConTech,,,
241,August,Seed,Europe,Denmark,Commercial,,,,SaaS,,,,Smart City,IoT,,
242,September,Series A,Europe,Germany,Residential,,,,SaaS,B2B,,,CleanTech,ClimateTech,,
243,September,Series B,Europe,UK,Logistic,,,,MaaS,,,,Smart City,IoT,,
244,September,Seed,Europe,Germany,Commercial,,,,,,,,Smart Building,Property Management,,
245,September,Seed,Middle East,Israel,Residential,Infrastructure,,,B2C,,,,HealthTech,ClimateTech,CleanTech,
246,September,Seed,Europe,Italy,Residential,,,,SaaS,,,,ConTech,,,
247,September,Seed,Europe,UK,Commercial,,,,SaaS,B2B,,,Property Management,,,
248,September,Seed,North America,US,Residential,,,,Marketplace,,,,HospitalityTech,,,
249,September,Series A,Middle East,Israel,Residential,,,,B2C,SaaS,,,IoT,HealthTech,,
250,September,Seed,Europe,UK,Residential,,,,Marketplace,B2B,B2C,,PropFinTech,,,
251,September,Seed,Europe,France,Commercial,Residential,Hotel,,B2B,SaaS,,,Property Management,,,
252,September,Series A,Europe,Czech Republic,Commercial,,,,SaaS,B2B,,,Smart Building,Tenant Engagement,IoT,
253,September,Seed,Europe,UK,Commercial,,,,B2B,B2B2C,,,Property Management,Tenant Engagement,Smart Building,Smart City
254,September,Growth,APAC,India,Residential,,,,Marketplace,B2B,B2C,,PropFinTech,,,
255,September,Seed,North America,US,Commercial,Residential,,,,,,,CleanTech,ClimateTech,ConTech,
256,September,Series A,North America,US,Residential,,,,B2C,,,,Property Sales,,,
257,September,Seed,Europe,UK,Residential,,,,B2C,,,,Smart Home,,,
258,September,TBD,North America,US,Commercial,Infrastructure,,,,,,,Autonomous Driving,,,
259,September,Seed,North America,US,Residential,,,,,,,,Co-Living,,,
260,September,Seed,Europe,UK,Commercial,,,,Marketplace,,,,Co-Working,,,
261,September,Seed,Europe,UK,Commercial,Residential,,,SaaS,,,,LegalTech,,,
262,September,Series A,Europe,Germany,Commercial,Residential,,,B2B,Marketplace,,,ConTech,,,
263,September,Series A,North America,US,Commercial,Residential,Infrastructure,,B2B,,,,Smart Building,,,
264,September,TBD,APAC,China,Residential,Hotel,,,B2B,,,,Smart Home,,,
265,September,Seed,Europe,Estonia,Residential,,,,SaaS,B2B,,,Property Management,,,
266,September,Growth,Europe,UK,Residential,,,,,,,,Co-Living,Co-Working,Hybrid Letting Platform,
267,September,Seed,APAC,China,Commercial,,,,SaaS,,,,Hybrid Letting Platform,,,
268,September,Series B,Europe,France,Commercial,Residential,,,B2B2C,SaaS,Marketplace,,Property Sales,,,
269,September,Seed,Middle East,Israel,Infrastructure,,,,B2B,SaaS,,,ConTech,,,
270,September,Seed,Europe,France,Land,,,,Marketplace,SaaS,,,Property Development,,,
271,September,Seed,Europe,UK,Commercial,Residential,,,,,,,AR/VR,Property Management ,Smart Viewing,
272,October,Seed,Europe,Spain,Residential,,,,B2B,,,,ConTech,ClimateTech,Property Development,Pre-Fab
273,October,Seed,Europe,UK,Land,,,,Marketplace,SaaS,,,Property Sales,PropFinTech,,
274,October,Series A,Europe,France,Residential,Commercial,,,B2B,SaaS,,,ConTech,Property Development,Analytics,
275,October,Series A,Europe,Germany,Hotel,Apart-Hotel,,,,,,,HospitalityTech,Property Management System,,
276,October,Series X,Europe,UK,Residential,,,,,,,,Analytics,Property Management System,FinTech,
277,October,Seed,Europe,UK,Healthcare,,,,,,,,ConTech,AR/VR,IoT,HealthTech
278,October,Series A,Europe,Germany,Residential,,,,Marketplace,B2B,B2B2C,,PropFinTech,Property Sales,,
279,October,Series A,North America,US/Finland,Residential,Commercial,,,,,,,AR/VR,,,
280,October,Seed,Europe,UK,Infrastructure,,,,B2B,SaaS,,,Analytics,,,
281,October,Seed,North America,USA,Residential,,,,,,,,ConTech,Modular Construction,,
282,October,Seed,North America,US,Commercial,Residential,,,SaaS,,,,FinTech,PropFinTech,,
283,October,Bridge Round,North America,US,Hotel,Apart-Hotel,,,,,,,HospitalityTech,,,
284,October,Pre-Series A,North America,USA,Residential,,,,B2B,,,,Smart Home,IoT,,
285,October,Seed,North America,US,Residential,,,,B2B,,,,Hybrid Letting Platform,Smart Viewing,,
286,October,Seed,Oceania,Australia,Residential,,,,Marketplace,B2C,,,Property Management,Hybrid Letting Platform,,
287,October,Series A,Middle East,Israel,Commercial,Residential,,,,,,,ConTech,ClimateTech,CleanTech,Concrete Tech
288,October,Series A,North America,USA,Commercial,,,,SaaS,,,,CleanTech,Analytics,IoT,
289,October,Series B,Europe,Germany,Commercial,,,,SaaS,,,,Smart Building,IoT,,
290,October,Seed,Europe,UK,Residential,Commercial,,,Marketplace,,,,LegalTech,,,
291,October,Post Seed,North America,US,Residential,,,,SaaS,B2B2C,,,Smart Home,,,
292,October,Series A,Europe,France,Residential,Commercial,,,,,,,Analytics,Property Sales,,
293,October,Series B,Europe,UK,Residential,,,,SaaS,,,,Property Management,,,
294,October,Seed,Europe,UK,Infrastructure,,,,SaaS,,,,ConTech,FinTech,Tradespeople Software,
295,October,Series A extension,Europe,Switzerland,Commercial,,,,SaaS,B2B,,,Analytics,Smart Building,Property Management,Workplace Analytics
296,October,Series A,Europe,UK,Residential,Apart-Hotel,,,,,,,HospitalityTech,Property Management,Short Term Rental Property Mgmt,
297,October,Series B,Europe,France,Hotel,,,,B2B,,,,HospitalityTech,,,
298,October,Venture Round,North America,USA,Hotel,,,,B2B,,,,HospitalityTech,Housekeeping Optimisation,,
299,October,Seed,Europe,Norway,Residential,Commercial,,,B2B,SaaS,,,Analytics,ConTech,Property Development,
300,October,Seed,Europe,Spain,Residential,,,,,,,,Short Term Rental Property Mgmt,,,
301,October,Series A,Europe,UK,Residential,,,,,,,,PropFinTech,Homebuying,,
302,October,Seed+,Europe,Austria,Residential,Commercial,,,SaaS,Marketplace,,,AR/VR,ConTech,,
303,October,Bridge Round,North America,USA,Residential,,,,,,,,Settlement Software,Property Sales,,
304,October,N/A,Europe,UK,Infrastructure,,,,B2B,,,,ConTech,ClimateTech,Property Development,Waste and Material Tracking
305,October,Series A,North America,USA,Commercial,,,,,,,,PropFinTech,Alternative Investment Management,,
306,October,Series A,Middle East,Turkey,Commercial,,,,SaaS,B2B,,,Analytics,Smart Building,ClimateTech,IoT
307,October,Seed,Africa,Nigeria,Residential,Land,Commercial,,,,,,Property Management,PropFinTech,LegalTech,
308,October,Series A,North America,US,Commercial,,,,SaaS,B2B,,,SecurityTech,,,
309,October,Seed,Europe,UK,Commercial,,,,SaaS,B2B,,,FoodTech,,,
310,October,Seed,North America,USA,Residential,Commercial,,,SaaS,,,,Smart Home,Lighting,Software Enabled Lighting,
311,October,Series A,Europe,Finland,Commercial,,,,B2B,,,,CleanTech,,,
312,October,Seed,North America,USA,Residential,,,,,,,,Tenant Engagement,Resident Loyalty,,
313,October,Series B,North America,USA,Logistic,Industrial,,,,,,,Workplace Safety,IoT,,
314,October,Series A,Middle East,Turkey,Residential,Commercial,Land,,Marketplace,,,,Property Sales,,,
315,October,Growth,Europe,UK,Residential,,,,B2B2C,Marketplace,,,Property Management,,,
316,October,Series A,Europe,Spain,Residential,,,,,,,,Property Sales,PropFinTech,iBuyer,
317,October,Seed,Europe,Finland,Hotel,,,,,,,,CleanTech,,,
318,October,Series A,Middle East,Turkey,Mobility,,,,Marketplace,,,,Carpool Service,,,
319,October,Seed,Europe,France,Residential,,,,,,,,Co-Living,,,
320,October,Series A,North America,Canada,Commercial,Residential,,,B2B,,,,Cleaning and Facilities Management,CleanTech,Property Management,
321,October,TBD,APAC,Indonesia,Hotel,Mobility,,,B2B,,,,HospitalityTech,Analytics,,
322,October,Series A,North America,US,Residential,,,,B2C,,,,Property Sales,Smart Listings,Smart Agent,
323,October,Series B,North America,US,Residential,Commercial,Hotel,,,,,,IoT,Smart Home,,
324,November,Seed,Europe,France,Infrastructure,,,,,,,,ConTech,,,
325,November,Seed,Europe,UK,Commercial,,,,Marketplace,,,,Co-Working,Short Term Rental Property Mgmt,,
326,November,NA,Europe,Ukraine,Residential,,,,B2C,,,,Property Development,,,
327,November,Seed,Europe,UK,Commercial,Residential,Infrastructure,,,,,,Smart City,,,
328,November,Seed,North America,Canada,Logistic,Commercial,,,B2B,SaaS,,,SecurityTech,Analytics,,
329,November,Seed,Europe,Sweden,Residential,,,,SaaS,B2B,,,Smart Listings,Smart Agent,,
330,November,Series B,North America,US,Commercial,,,,B2B,,,,Analytics,Property Management,,
331,November,Seed,North America,US,Commercial,Hotel,Healthcare,,,,,,IoT,SecurityTech,Analytics,
332,November,Seed,North America,US,Apart-Hotel,Residential,,,,,,,Homebuying,HospitalityTech,PropFinTech,Short Term Rental Property Mgmt
333,November,Seed,Europe,Luxembourg,Commercial,,,,B2B,,,,Smart Building,CleanTech,,
334,November,Seed,North America,US,Restaurant,,,,SaaS,B2B,,,FoodTech,,,
335,November,Series B,North America,US,Multifamily,,,,B2B2C,B2B,,,InsurTech,Analytics,,
336,November,Series A,North America,US,Residential,Hotel,,,,,,,HealthTech,IoT,Smart Home,
337,November,Seed,North America,US,Mobility,Infrastructure,,,B2B,,,,Smart City,Autonomous Driving,CleanTech,
338,November,Series C,North America,USA,Residential,Commercial,Hotel,,,,,,Robotic Furniture,,,
339,November,Series A,Europe,Switzerland,Residential,,,,B2B2C,,,,IoT,Property Management,Smart Home,
340,November,Series A,Europe,Netherlands,Hotel,Residential,Commercial,,B2B,,,,Smart Glass,CleanTech,Sustainable Facade,
341,November,Series A,Europe,UK,Residential,,,,eCommerce Platform,,,,HospitalityTech,Short Term Rental Property Mgmt,,
342,November,Seed,Europe,UK,Commercial,,,,,,,,Data Management,Rent Roll Extraction,,
343,November,Seed,Europe,Norway,Infrastructure,,,,SaaS,,,,ConTech,,,
344,November,Series A,Europe,Spain,Residential,,,,B2B2C,,,,Property Sales,,,
345,November,Seed,Middle East,Israel,Commercial,Residential,Hotel,,,,,,3D Visualization,Layout Planning,,
346,November,Series A,North America,US,Residential,Hotel,,,B2B,eCommerce Platform,SaaS,,HospitalityTech,,,
347,November,Series E,North America,US,Hotel,,,,B2C,P2P Platform,,,HospitalityTech,Property Management,,
348,November,Venture,Europe,France,Commercial,,,,,,,,Building Operating System,Smart Building,,
349,November,Series A,Europe,UK,Residential,Social Housing,,,SaaS,B2B,,,IoT,Smart Home,,
350,November,JV,Europe,Belgium,Farms,Land,,,,,,,FoodTech,CleanTech,,
351,November,Seed,Middle East,Israel,Commercial,,,,SaaS,,,,CleanTech,ClimateTech,Smart Building,
352,November,Series A,APAC,Japan,Residential,Multifamily,,,,,,,Asset Management,Property Management,,
353,December,Seed,North America,US,Commercial,Residential,,,Marketplace,,,,Capital Markets Brokerage,Investment Club,,
354,December,Series B,Oceania,Australia,Commercial,Residential,,,,,,,ConTech,Job Site Safety,Project Management,
355,December,Series B,Europe,Netherlands,Commercial,,,,B2B,SaaS,,,Tenant Engagement,Smart Building,,
356,December,Series A,Europe,Luxembourg,Infrastructure,Energy,,,,,,,CleanTech,Photovoltaic Manufacturing,Solar Energy,
357,December,Series A,Europe,UK,Commercial,,,,B2B,SaaS,,,Tenant Engagement,Smart Building,,
358,December,Seed,Europe,Netherlands,Commercial,,,,B2B,SaaS,,,Co-Working,Property Management System,Tenant Engagement,
359,December,Seed,Europe,France,Commercial,,,,B2B,SaaS,,,Co-Working,Occupancy Management,,
360,December,Series A,North America,USA,Residential,,,,B2B2C,,,,Security Deposit,FinTech,,
361,December,Seed,North America,USA,Residential,Commercial,Hotel,,SaaS,B2B2C,B2C,B2B,Green Roof,Living Wall,CleanTech,Smart Building
362,December,Seed,Middle East,Israel,Land,,,,B2B,SaaS,,,Analytics,,,
363,December,Series C,North America,US,Commercial,Residential,,,SaaS,B2B,,,Analytics,Data Management,Building Operating System,ClimateTech
364,December,Series A,North America,US,Commercial,,,,B2B,,,,Location Risk Analysis,Analytics,,
365,December,Seed,Europe,UK,Hotel,Residential,Restaurant,Commercial,B2B,,,,HospitalityTech,,,
366,December,Series A,Europe,UK,Hotel,Residential,Commercial,,SaaS,Marketplace,,,HospitalityTech,AR/VR,,
367,December,Seed,Europe,UK,Residential,,,,Marketplace,P2P Platform,,,Homebuying,Property Sales,,
368,December,Series A,Europe,UK,Residential,Commercial,,,,,,,CleanTech,Space Heating,IoT,
369,December,Growth Equity,North America,US,Land,Farms,,,,,,,Satellite Tech,AgriTech,,
370,December,Series A,Europe,Norway,Commercial,Residential,,,B2B,SaaS,,,ConTech,Onsite Execution,Inspection & Monitoring,Project Management
371,December,Seed,North America,UK,Residential,,,,B2B,B2B2C,SaaS,,Property Sales,Smart Agent,,
372,December,Seed,Europe,Spain,Residential,,,,B2C,SaaS,,,Homebuying,LegalTech,Property Management,
373,December,Series A,North America,US,Land,Infrastructure,,,B2B,SaaS,,,Analytics,ConTech,Inspection & Monitoring,Location Risk Analysis
